{
  "energy_throttle": {
    "total_energy": 1338.7063464235735,
    "avg_power": 0.9778359785424736,
    "distance_m": 11486.02734375,
    "distance_km": 11.486027717590332,
    "energy_per_km": 116.5508449210738
  },
  "energy_mechanical": {
    "total_energy_J": 4819342.847124864,
    "total_energy_kJ": 4819.342847124864,
    "regen_potential_J": 1875027.9852987046,
    "regen_potential_kJ": 1875.0279852987046,
    "net_energy_kJ": 3506.8232574157714
  },
  "comfort": {
    "rms_jerk": 0.11475320101984555,
    "max_jerk": 9.855715549728732,
    "avg_abs_jerk": 0.05477866507772386,
    "jerk_std": 0.11474708099830051
  },
  "safety": {
    "min_time_headway": 2.12882137298584,
    "avg_time_headway": 6.847537994384766,
    "thw_std": 11.989314079284668,
    "violation_count": 4721,
    "violation_rate": 0.1724188305759468,
    "too_close_count": 0,
    "too_close_rate": 0.0,
    "too_far_count": 4721,
    "too_far_rate": 0.1724188305759468,
    "min_distance_gap": 4.645929336547852,
    "avg_distance_gap": 21.405000686645508
  },
  "velocity": {
    "avg_ego_velocity": 8.389779090881348,
    "avg_lead_velocity": 8.386358261108398,
    "max_ego_velocity": 24.075634002685547,
    "min_ego_velocity": 0.0,
    "velocity_rmse": 13.087847709655762,
    "avg_relative_velocity": -0.0034209461882710457,
    "velocity_smoothness": 0.021623659878969193
  },
  "control": {
    "avg_throttle": 0.12059681627389646,
    "avg_brake": 0.038396268794725394,
    "throttle_smoothness": 0.0022341215680010827,
    "brake_smoothness": 0.0011904822167847098,
    "avg_acceleration": 0.12600482616361675,
    "acceleration_std": 0.4332487131421669,
    "max_acceleration": 1.926546617167142,
    "max_braking": -0.9908288010515534,
    "accel_time_ratio": 0.5720024834739418,
    "decel_time_ratio": 0.2317300317738578,
    "coast_time_ratio": 0.19626748475220043
  },
  "summary": {
    "duration_s": 1369.0500000000002,
    "total_steps": 27381,
    "collision": false
  }
}